tiro,x,y,z,enceste
1,-36,856,-696,1
1,-60,752,-500,1
1,-36,804,-592,1
1,-68,840,-544,1
1,-40,828,-564,1
1,-32,824,-580,1
1,-40,848,-616,1
1,8,820,-664,1
1,-12,856,-532,1
1,-24,788,-524,1
1,8,964,-636,1
1,-4,792,-584,1
1,40,836,-548,1
1,12,824,-560,1
1,12,836,-548,1
1,4,836,-556,1
1,0,840,-540,1
1,12,836,-548,1
1,20,828,-568,1
1,16,840,-548,1
1,12,816,-576,1
1,28,848,-568,1
1,-4,840,-540,1
1,12,844,-552,1
1,20,816,-556,1
1,36,828,-576,1
1,24,828,-540,1
1,20,856,-540,1
1,16,824,-536,1
1,28,836,-552,1
1,44,836,-532,1
1,48,828,-552,1
1,48,836,-548,1
1,20,832,-544,1
1,32,852,-564,1
1,52,828,-632,1
1,80,836,-732,1
1,72,828,-548,1
1,-16,864,-432,1
1,12,836,-676,1
1,-68,800,-512,1
1,0,820,-528,1
2,-60,768,-612,0
2,-56,748,-556,0
2,-56,740,-760,0
2,-80,772,-612,0
2,-28,756,-608,0
2,-8,744,-676,0
2,-96,796,-644,0
2,-56,760,-632,0
2,-40,792,-608,0
2,-52,800,-580,0
2,-20,804,-584,0
2,-8,768,-688,0
2,-8,792,-688,0
2,-8,776,-592,0
2,-12,788,-608,0
2,-44,796,-596,0
2,-16,812,-628,0
2,-12,780,-604,0
2,-16,784,-620,0
2,-12,784,-620,0
2,0,800,-612,0
2,-8,812,-604,0
2,-4,788,-624,0
2,-4,812,-608,0
2,0,808,-608,0
2,-8,784,-604,0
2,-8,796,-584,0
2,0,792,-616,0
2,-12,800,-628,0
2,-8,788,-608,0
2,-12,800,-624,0
2,-20,788,-596,0
2,-4,800,-620,0
2,-4,808,-628,0
2,-16,804,-588,0
2,-4,792,-628,0
2,0,784,-628,0
2,-4,796,-600,0
2,-8,804,-616,0
2,-20,796,-600,0
2,-8,792,-620,0
2,-12,784,-620,0
2,-8,784,-600,0
2,-20,812,-600,0
2,-20,792,-636,0
2,-4,792,-624,0
2,-20,800,-588,0
2,-36,792,-568,0
2,-12,792,-596,0
2,-16,784,-616,0
2,-28,780,-584,0
2,-28,788,-624,0
2,-32,804,-596,0
2,-20,800,-652,0
2,-44,796,-620,0
2,-24,788,-652,0
2,-28,804,-596,0
2,-40,796,-588,0
2,-32,804,-632,0
2,-24,788,-640,0
2,-32,784,-596,0
2,-32,796,-616,0
2,-60,804,-608,0
2,-36,792,-672,0
2,-64,788,-576,0
2,-52,792,-612,0
2,-80,772,-588,0
2,-72,788,-636,0
1,-24,832,-532,1
1,-16,864,-516,1
1,-40,816,-524,1
1,-32,844,-588,1
1,-40,832,-544,1
1,-132,868,-504,1
1,-96,860,-452,1
1,-48,848,-556,1
1,-44,876,-488,1
1,-36,860,-524,1
1,-40,860,-504,1
1,-44,848,-508,1
1,-36,868,-520,1
1,-44,856,-516,1
1,-44,864,-512,1
1,-40,860,-504,1
1,-40,860,-504,1
1,-36,848,-516,1
1,-48,860,-508,1
1,-52,864,-508,1
1,-52,864,-508,1
1,-44,864,-524,1
1,-36,864,-488,1
1,-48,860,-512,1
1,-40,856,-508,1
1,-36,864,-516,1
1,-36,864,-500,1
1,-36,860,-512,1
1,-36,860,-512,1
1,-40,864,-508,1
1,-32,856,-512,1
1,-48,860,-524,1
1,-40,860,-508,1
1,-40,864,-520,1
1,-40,868,-512,1
1,-32,872,-500,1
1,-68,868,-556,1
1,-88,860,-524,1
1,-12,860,-472,1
1,-24,860,-540,1
1,-116,916,-480,1
1,-40,880,-496,1
1,-80,852,-480,1
2,-32,780,-596,1
2,-24,792,-580,1
2,-40,784,-528,1
2,-52,824,-552,1
2,-60,808,-552,1
2,8,804,-688,1
2,-24,800,-648,1
2,-88,812,-636,1
2,-244,816,-504,1
2,-68,840,-556,1
2,-64,812,-556,1
2,-52,804,-572,1
2,-20,812,-592,1
2,-40,816,-600,1
2,-20,824,-548,1
2,-32,816,-572,1
2,-16,824,-572,1
2,-36,816,-576,1
2,-40,828,-564,1
2,-28,828,-568,1
2,-56,840,-608,1
2,-4,772,-536,1
2,24,832,-492,1
2,-24,828,-564,1
2,-56,828,-540,1
2,-40,832,-540,1
2,-28,820,-612,1
2,-40,832,-596,1
2,-44,840,-584,1
2,-48,832,-536,1
2,-64,832,-528,1
2,-72,828,-592,1
2,-52,836,-600,1
2,-52,828,-544,1
2,-68,828,-568,1
2,-112,832,-564,1
2,-68,816,-568,1
2,-76,824,-576,1
2,-80,812,-572,1
2,-88,816,-568,1
2,-88,816,-548,1
2,-116,824,-552,1
2,-100,816,-620,1
2,-84,812,-568,1
2,-88,820,-564,1
2,-88,816,-584,1
2,-104,832,-568,1
2,-88,816,-568,1
2,-84,828,-568,1
2,-76,816,-580,1
2,-92,808,-560,1
2,-104,828,-584,1
2,-108,816,-560,1
2,-96,824,-616,1
2,-108,820,-588,1
2,-128,804,-604,1
2,-112,808,-572,1
3,-60,864,-572,0
3,-48,808,-500,0
3,-52,848,-564,0
3,-32,840,-564,0
3,-32,844,-556,0
3,-52,860,-504,0
3,-28,796,-632,0
3,-152,892,-568,0
3,-132,876,-420,0
3,-24,876,-524,0
3,-40,844,-548,0
3,-16,856,-528,0
3,-24,840,-532,0
3,-28,840,-532,0
3,-24,844,-536,0
3,-28,852,-544,0
3,-28,844,-540,0
3,-36,848,-528,0
3,-28,844,-540,0
3,-36,848,-536,0
3,-28,848,-532,0
3,-20,852,-536,0
3,-32,836,-524,0
3,-32,840,-552,0
3,-20,844,-524,0
3,-28,848,-532,0
3,-28,852,-520,0
3,-28,844,-540,0
3,-28,848,-520,0
3,-36,852,-528,0
3,-24,848,-536,0
3,-20,852,-536,0
3,-32,856,-524,0
3,-32,848,-540,0
3,-56,852,-536,0
3,-32,844,-524,0
3,-16,848,-528,0
3,-48,864,-524,0
3,-104,856,-612,0
3,84,800,-380,0
3,-104,916,-324,0
3,-48,828,-512,0
4,-84,812,-508,1
4,-80,816,-512,1
4,-72,808,-544,1
4,-60,812,-592,1
4,-68,816,-596,1
4,-92,828,-524,1
4,-72,816,-596,1
4,-64,800,-636,1
4,-116,844,-464,1
4,-88,860,-556,1
4,-80,828,-564,1
4,-72,824,-572,1
4,-52,824,-568,1
4,-60,828,-568,1
4,-68,836,-548,1
4,-60,836,-552,1
4,-76,840,-552,1
4,-80,832,-548,1
4,-76,840,-536,1
4,-76,828,-544,1
4,-84,828,-552,1
4,-72,840,-548,1
4,-76,832,-540,1
4,-84,836,-548,1
4,-76,840,-548,1
4,-80,824,-544,1
4,-72,828,-544,1
4,-64,824,-540,1
4,-68,836,-536,1
4,-80,824,-548,1
4,-76,840,-564,1
4,-80,848,-536,1
4,-96,844,-556,1
4,-88,844,-544,1
4,-80,848,-544,1
4,-88,836,-548,1
4,-76,832,-544,1
4,-76,844,-552,1
4,-80,828,-552,1
4,-88,836,-544,1
4,-72,840,-552,1
4,-84,848,-540,1
4,-80,836,-548,1
4,-84,848,-540,1
4,-72,844,-548,1
4,-68,840,-544,1
4,-76,832,-544,1
4,-84,836,-548,1
4,-80,840,-536,1
4,-76,836,-556,1
4,-72,836,-536,1
4,-80,844,-544,1
4,-72,840,-544,1
4,-84,832,-532,1
4,-76,840,-540,1
4,-76,840,-552,1
4,-72,844,-532,1
4,-72,848,-548,1
4,-76,844,-544,1
4,-76,832,-552,1
4,-88,844,-544,1
4,-88,848,-548,1
4,-80,836,-560,1
4,-76,832,-556,1
4,-84,840,-552,1
4,-100,836,-528,1
4,-92,844,-540,1
4,-84,852,-548,1
4,-96,828,-628,1
4,-52,836,-556,1
4,-104,836,-480,1
4,-184,864,-520,1
5,-64,828,-508,1
5,8,848,-624,1
5,-12,852,-564,1
5,-36,860,-572,1
5,-64,848,-492,1
5,-28,848,-564,1
5,-60,852,-496,1
5,-80,860,-464,1
5,-80,876,-500,1
5,-44,860,-528,1
5,-44,856,-516,1
5,-48,860,-508,1
5,-32,852,-516,1
5,-36,864,-512,1
5,-44,856,-512,1
5,-48,864,-508,1
5,-52,860,-520,1
5,-44,868,-524,1
5,-36,864,-512,1
5,-40,848,-504,1
5,-44,856,-524,1
5,-52,860,-512,1
5,-44,864,-508,1
5,-32,864,-520,1
5,-52,864,-500,1
5,-24,860,-532,1
5,-44,868,-520,1
5,-36,864,-512,1
5,-36,860,-520,1
5,-48,864,-516,1
5,-48,856,-516,1
5,-68,860,-512,1
5,-52,860,-524,1
5,-56,844,-548,1
5,-56,848,-536,1
5,-24,856,-504,1
5,-92,864,-480,1
5,-72,888,-488,1
5,-48,852,-492,1
5,-32,856,-500,1
6,-120,856,-440,1
6,-112,804,-484,1
6,-92,856,-576,1
6,-72,824,-568,1
6,-108,836,-572,1
6,-156,832,-508,1
6,-132,848,-484,1
6,-96,860,-548,1
6,-88,848,-552,1
6,-68,836,-540,1
6,-60,832,-536,1
6,-60,832,-544,1
6,-52,824,-552,1
6,-48,832,-544,1
6,-64,844,-548,1
6,-64,880,-580,1
6,-52,844,-548,1
6,-60,852,-548,1
6,-64,820,-560,1
6,-44,832,-488,1
6,-60,840,-548,1
6,-48,836,-540,1
6,-52,848,-536,1
6,-48,840,-552,1
6,-44,852,-528,1
6,-60,840,-540,1
6,-48,848,-532,1
6,-44,852,-540,1
6,-48,828,-536,1
6,-32,848,-540,1
6,-36,836,-544,1
6,-52,844,-532,1
6,-36,848,-544,1
6,-44,852,-536,1
6,-48,848,-536,1
6,-40,848,-540,1
6,-40,848,-532,1
6,-48,844,-532,1
6,-40,844,-544,1
6,-40,844,-540,1
6,-40,856,-528,1
6,-40,840,-536,1
6,-36,844,-540,1
6,-44,844,-536,1
6,-40,844,-544,1
6,-40,844,-544,1
6,-40,844,-532,1
6,-32,848,-532,1
6,-40,844,-528,1
6,-40,852,-532,1
6,-32,848,-532,1
6,-44,848,-536,1
6,-40,848,-544,1
6,-76,840,-540,1
6,-132,896,-676,1
6,-40,860,-404,1
6,-76,840,-212,1
6,-60,856,-404,1
6,-36,800,-648,1
1,-140,928,-252,1
1,-180,912,-264,1
1,-104,904,-588,1
1,-100,880,-528,1
1,-100,920,-484,1
1,-96,880,-456,1
1,-60,868,-540,1
1,-52,872,-552,1
1,-64,880,-488,1
1,-52,884,-484,1
1,44,784,-496,1
1,-84,900,-280,1
1,-56,884,-408,1
1,-40,884,-472,1
1,-48,900,-460,1
1,-48,896,-456,1
1,-44,892,-460,1
1,-24,880,-488,1
1,-68,896,-444,1
1,-60,860,-464,1
1,-44,896,-488,1
1,-56,888,-440,1
1,-44,880,-440,1
1,-40,892,-480,1
1,-68,892,-456,1
1,-80,892,-516,1
1,-20,892,-476,1
1,-32,896,-388,1
1,-72,892,-500,1
1,-72,864,-652,1
1,-36,840,-584,1
1,-68,876,-372,1
1,-152,908,-548,1
1,-156,788,-732,1
2,-104,828,-620,1
2,-120,816,-480,1
2,-144,784,-564,1
2,-144,864,-616,1
2,-240,872,-452,1
2,-40,672,-592,1
2,-220,1288,-260,1
2,-40,884,-292,1
2,-144,876,-440,1
2,-28,856,-548,1
2,-88,848,-720,1
2,-172,848,-644,1
2,-68,896,-544,1
2,-92,872,-408,1
2,-68,852,-476,1
2,-52,840,-504,1
2,-64,884,-488,1
2,-96,892,-480,1
2,-88,880,-540,1
2,-72,868,-476,1
2,-76,876,-456,1
2,-80,888,-452,1
2,-96,876,-496,1
2,-88,864,-520,1
2,-96,872,-456,1
2,-88,872,-472,1
2,-92,868,-476,1
2,-92,896,-456,1
2,-100,864,-512,1
2,-96,872,-472,1
2,-92,888,-480,1
2,-96,876,-488,1
2,-80,872,-476,1
2,-92,876,-456,1
2,-80,844,-520,1
2,-64,848,-520,1
2,-84,892,-464,1
2,-64,880,-496,1
2,-72,864,-544,1
2,-64,884,-464,1
2,-52,868,-408,1
2,-40,872,-428,1
2,-36,852,-540,1
2,-16,844,-528,1
2,-56,872,-548,1
2,-52,912,-488,1
2,-56,872,-464,1
2,-16,852,-520,1
2,-8,896,-520,1
2,-16,868,-492,1
2,-12,868,-512,1
2,-12,868,-504,1
2,8,868,-512,1
2,24,880,-500,1
2,16,868,-496,1
2,-12,876,-508,1
2,-12,880,-508,1
2,16,856,-512,1
2,16,860,-532,1
2,12,864,-512,1
2,16,860,-504,1
2,16,844,-532,1
2,-12,880,-588,1
2,-52,868,-580,1
2,128,992,-456,1
2,-52,904,-396,1
2,-56,820,-588,1
2,-44,864,-928,1
2,4,804,-632,1
2,-92,740,-392,1
